dirname,UUID_Part,x_dims,y_dims,z_dims,area,volume,va_ratio
H:\\My Drive\\CAD Repository\\Keyway_Shaft\\STEP,2adb9dae-af37-44f6-b732-4c802a218ad2,914.4,15.509392411247006,15.875,49596.09463237944,171145.37078053277,3.450783212853988
H:\\My Drive\\CAD Repository\\Keyway_Shaft\\STEP,1520e447-5838-4a44-9fda-d81de168b6b4,76.19999999999999,31.429259866673178,31.75,9576.806741992323,58845.093289243545,6.144542212721068
H:\\My Drive\\CAD Repository\\Keyway_Shaft\\STEP,2598d1cf-9a1c-4e54-9c5a-11ffd5613306,1828.8,23.381360633998263,23.8125,147556.91560898864,779238.8514654195,5.280937516546674
H:\\My Drive\\CAD Repository\\Keyway_Shaft\\STEP,b18e1dcb-7283-427c-9d4e-488763b4b2de,914.4,24.996722124208553,25.4,78947.34012412612,445673.3826683609,5.645198203861515
H:\\My Drive\\CAD Repository\\Keyway_Shaft\\STEP,7b1dabcb-a87d-44f2-ae38-e85e365b6a3f,457.2,34.46802644546767,34.925,55198.60699071806,424141.9485233623,7.683924860543746
H:\\My Drive\\CAD Repository\\Keyway_Shaft\\STEP,8a8f3b4a-b1a9-49ef-bee4-9b2051521f3a,228.6,29.82450189917408,30.162499999999998,24338.054757172456,158897.03906681194,6.528748523748997
H:\\My Drive\\CAD Repository\\Keyway_Shaft\\STEP,376cb97e-dfca-4caf-bbe3-010ef2ca213e,1524.0,32.85813695565709,33.3375,171816.4801407508,1284186.0748924862,7.474172872360617
H:\\My Drive\\CAD Repository\\Keyway_Shaft\\STEP,55100211-6323-493f-98ae-0b2dd3fe1913,304.79999999999995,31.429259866673178,31.75,33673.755055430425,235380.37315697418,6.990024509280719
H:\\My Drive\\CAD Repository\\Keyway_Shaft\\STEP,d803c355-bb81-414d-bd78-e9a7ef84ac41,304.79999999999995,28.217755964985002,28.575,30307.39875995655,189552.90939690924,6.2543443895737685
H:\\My Drive\\CAD Repository\\Keyway_Shaft\\STEP,21600091-fcd7-4f5b-9f3c-2dbaf864ebb0,457.2,37.495083186312826,38.099999999999994,60672.68810709842,501382.55550190597,8.263727405927257
H:\\My Drive\\CAD Repository\\Keyway_Shaft\\STEP,89d40572-6227-43a5-9e22-1e74b87373c3,304.79999999999995,24.996722124208553,25.4,26965.639158710404,148557.79422278696,5.509151603951506
H:\\My Drive\\CAD Repository\\Keyway_Shaft\\STEP,f773146b-a03d-4b52-b80d-7153d7216b3b,152.39999999999998,56.435511929970104,57.15,34038.75524414771,379105.81879381835,11.13747597626967
H:\\My Drive\\CAD Repository\\Keyway_Shaft\\STEP,b53fd900-e7ba-4a5d-8b1f-15cdc745d9a7,1219.1999999999998,40.71796314206921,41.275,170830.55167570378,1578157.5435160494,9.238145800242718
H:\\My Drive\\CAD Repository\\Keyway_Shaft\\STEP,d3ce6aa3-66ad-49e4-9f96-6ace63bbac82,914.4,7.7546962056235085,7.9375,24704.46388947248,42786.34269513317,1.7319275935943734
H:\\My Drive\\CAD Repository\\Keyway_Shaft\\STEP,ac042a50-99bb-4cc9-906b-ca7024cede27,228.6,35.880360128244774,36.512499999999996,30092.414931237556,229444.36260152893,7.624657679545462
H:\\My Drive\\CAD Repository\\Keyway_Shaft\\STEP,3d70154b-adc7-4c2a-a098-5522ae17c1ed,76.19999999999999,24.996722124208553,25.4,7472.501296679505,37139.44855569674,4.970149496287154
H:\\My Drive\\CAD Repository\\Keyway_Shaft\\STEP,e052f540-62c6-4185-b387-beaecb51742a,1828.8,43.933736000744034,44.449999999999996,273791.579347144,2757940.6560327103,10.073139073922652
H:\\My Drive\\CAD Repository\\Keyway_Shaft\\STEP,3c2984f0-0289-42a5-8c39-10b93106d119,457.2,28.217755964985002,28.575,44839.20539256963,284329.3640953639,6.341088375809632
H:\\My Drive\\CAD Repository\\Keyway_Shaft\\STEP,e336425c-c12b-4bd5-8a94-389536afa234,914.4,18.747541593156413,19.049999999999997,59027.7322163441,250691.27775095298,4.247008454130302
H:\\My Drive\\CAD Repository\\Keyway_Shaft\\STEP,3390912a-3470-43b7-8596-a596495ebce0,1524.0,24.996722124208553,25.4,130929.04108954186,742788.971113935,5.673217835651485
H:\\My Drive\\CAD Repository\\Keyway_Shaft\\STEP,925bf58e-eb16-41e1-91c2-ccc88136a04b,1219.1999999999998,28.217755964985002,28.575,117498.23855563506,758211.637587637,6.452961737197668
H:\\My Drive\\CAD Repository\\Keyway_Shaft\\STEP,5b8cf2cd-c884-45bd-adcf-523930a25ca5,76.19999999999999,56.435511929970104,57.15,19506.948611534604,189552.90939690918,9.717199402720789
H:\\My Drive\\CAD Repository\\Keyway_Shaft\\STEP,ee7f69d1-5abe-4efe-88cc-984597c1a5d0,152.39999999999998,15.509392411247006,15.875,8577.96052778745,28524.22846342213,3.325292576367159
H:\\My Drive\\CAD Repository\\Keyway_Shaft\\STEP,61f6c283-d1bd-40d2-a23b-31c223fdea9a,152.39999999999998,32.85813695565709,33.3375,18698.403220640997,128418.60748924862,6.867891657587557
H:\\My Drive\\CAD Repository\\Keyway_Shaft\\STEP,b89938ec-ff43-485b-8aa6-9557fcf65338,1219.1999999999998,37.495083186312826,38.099999999999994,158138.37741725284,1337020.1480050825,8.454748112643871
H:\\My Drive\\CAD Repository\\Keyway_Shaft\\STEP,254dfa5d-21a9-4776-b954-6d3f73ed2908,457.2,43.933736000744034,44.449999999999996,70709.98526988368,689485.1640081776,9.750888242679899
H:\\My Drive\\CAD Repository\\Keyway_Shaft\\STEP,9d62da66-21d5-448d-a003-b1fee3e7fd5a,152.39999999999998,24.996722124208553,25.4,13970.21391735647,74278.89711139348,5.316947725410993
H:\\My Drive\\CAD Repository\\Keyway_Shaft\\STEP,b4b69aae-7ec8-4ad5-adb4-37439473d0e3,1828.8,37.495083186312826,38.099999999999994,236110.92886537648,2005530.2220076239,8.494016908260601
H:\\My Drive\\CAD Repository\\Keyway_Shaft\\STEP,e20f8e0c-d0ab-4c7c-81f3-cbae709af1e0,609.5999999999999,15.509392411247006,15.875,33188.84099054264,114096.91385368851,3.437809530203273
H:\\My Drive\\CAD Repository\\Keyway_Shaft\\STEP,8054f436-485a-426d-a237-a837567c5175,1219.1999999999998,54.8270509968738,55.5625,231063.81748505548,2861616.2483310355,12.38452770095048
H:\\My Drive\\CAD Repository\\Keyway_Shaft\\STEP,1b12fd6a-eb9f-4238-a655-13eee4d4cc35,1219.1999999999998,34.46802644546767,34.925,144103.9701399947,1131045.1960622994,7.848813568172391
H:\\My Drive\\CAD Repository\\Keyway_Shaft\\STEP,4e68a32c-dae1-49d2-9ba8-145cafc3bfc5,76.19999999999999,60.87757195964109,61.912499999999994,21639.45526279859,220216.97239596196,10.176641219548042
H:\\My Drive\\CAD Repository\\Keyway_Shaft\\STEP,4d0e2bd3-7dcb-4ca9-983f-22f232d53204,609.5999999999999,12.498361062104285,12.7,26234.547651708515,74278.89711139348,2.831338969420199
H:\\My Drive\\CAD Repository\\Keyway_Shaft\\STEP,b563f1fe-564b-442c-8078-547da3706d4d,1219.1999999999998,23.381360633998263,23.8125,98655.33906284039,519492.567643613,5.265731916573844
H:\\My Drive\\CAD Repository\\Keyway_Shaft\\STEP,5caacc1e-29f8-45e5-97d2-671f28dd43f1,914.4,43.933736000744034,44.449999999999996,138403.84996230376,1378970.3280163552,9.963381281604068
H:\\My Drive\\CAD Repository\\Keyway_Shaft\\STEP,925050e7-ccee-431c-aa06-bc87833d71db,304.79999999999995,21.966868000372017,22.224999999999998,23318.651708505924,114914.19400136292,4.927994784511738
H:\\My Drive\\CAD Repository\\Keyway_Shaft\\STEP,3297c284-0208-4070-9e80-21f9f04eba72,609.5999999999999,48.3790293718467,49.2125,104534.71262936085,1112514.8041763003,10.642539460751589
H:\\My Drive\\CAD Repository\\Keyway_Shaft\\STEP,a9010d39-eb7c-4b12-8d66-1b9d3ba58b95,457.2,49.993444248417106,50.8,81871.70615213376,891346.7653367218,10.887116040801983
H:\\My Drive\\CAD Repository\\Keyway_Shaft\\STEP,5600cd91-b695-49f1-85cc-ae9b193f14e7,1828.8,12.498361062104285,12.7,78216.24861712429,222836.69133418048,2.8489820884275145
H:\\My Drive\\CAD Repository\\Keyway_Shaft\\STEP,a2793a27-5c9f-4f17-ba06-0b46d7d52058,228.6,7.7546962056235085,7.9375,6246.30354240607,10696.585673783293,1.712466517383332
H:\\My Drive\\CAD Repository\\Keyway_Shaft\\STEP,cd2f8169-a6f0-475f-a839-8e030dfb1cb6,1828.8,40.71796314206921,41.275,254951.40695620983,2367236.3152740737,9.28504903556256
H:\\My Drive\\CAD Repository\\Keyway_Shaft\\STEP,aeb4c4ba-5ab3-4ca4-a23d-e8504f6f852e,609.5999999999999,60.87757195964109,61.912499999999994,132655.83090103086,1761735.7791676957,13.28050012729599
H:\\My Drive\\CAD Repository\\Keyway_Shaft\\STEP,41b4158f-f7ff-4761-8541-c0d04a0366b2,152.39999999999998,20.358981571034608,20.6375,11162.317188736168,49317.423234876536,4.418206578526767
H:\\My Drive\\CAD Repository\\Keyway_Shaft\\STEP,df33ebe8-6b71-42c0-ac30-08cce85f14f8,1524.0,18.747541593156413,19.049999999999997,98014.00794040588,417818.7962515884,4.2628477809583
H:\\My Drive\\CAD Repository\\Keyway_Shaft\\STEP,381498af-1bb1-42d1-bad3-e6d859d96a4c,1219.1999999999998,24.996722124208553,25.4,104938.19060683397,594231.1768911479,5.662677938840402
H:\\My Drive\\CAD Repository\\Keyway_Shaft\\STEP,eb56593f-4b9a-4626-8232-4e2715960d8c,914.4,32.85813695565709,33.3375,103764.00150959087,770511.6449354917,7.425616145540355
H:\\My Drive\\CAD Repository\\Keyway_Shaft\\STEP,808f6e04-51cf-4b2c-b290-5cb560dc34fd,1828.8,20.358981571034608,20.6375,126828.49319943195,591809.0788185184,4.666215484307032
H:\\My Drive\\CAD Repository\\Keyway_Shaft\\STEP,2cddcb34-81df-427b-a2ae-59d55dec5985,152.39999999999998,31.429259866673178,31.75,17609.122846471688,117690.18657848709,6.683478081480276
H:\\My Drive\\CAD Repository\\Keyway_Shaft\\STEP,69bb5c4d-ecbf-4fe3-9310-d3695af2bc11,914.4,54.8270509968738,55.5625,174471.42620775942,2146212.1862482773,12.301224520813982
H:\\My Drive\\CAD Repository\\Keyway_Shaft\\STEP,9b1f1e13-9a8e-4469-8753-8c3c8c5faa48,1524.0,23.381360633998263,23.8125,123106.12733591451,649365.7095545162,5.274844750681007
H:\\My Drive\\CAD Repository\\Keyway_Shaft\\STEP,e4f9ba3e-98f8-44ae-a0c8-2e013aa66c6f,152.39999999999998,35.880360128244774,36.512499999999996,20730.739037277435,152962.90840101926,7.37855549317203
H:\\My Drive\\CAD Repository\\Keyway_Shaft\\STEP,1d85607a-3c84-4ee4-9c37-59ca204c2404,1219.1999999999998,60.87757195964109,61.912499999999994,259531.68877329634,3523471.5583353913,13.576267218039725
H:\\My Drive\\CAD Repository\\Keyway_Shaft\\STEP,fd6fb831-ea68-47d2-b4d9-f77a1c047510,304.79999999999995,29.82450189917408,30.162499999999998,31987.3479029234,211862.71875574923,6.623328679786754
H:\\My Drive\\CAD Repository\\Keyway_Shaft\\STEP,80d279aa-9ebb-4238-a8e8-45f28cdd6038,1219.1999999999998,49.993444248417106,50.8,211825.95856567306,2376924.7075645914,11.22112097903084
H:\\My Drive\\CAD Repository\\Keyway_Shaft\\STEP,41b1be6f-c4ae-4ecd-8523-cce0e6520fdd,609.5999999999999,34.46802644546767,34.925,72979.67962057338,565522.5980311497,7.749041938404532
H:\\My Drive\\CAD Repository\\Keyway_Shaft\\STEP,3891c25d-e3ad-48bd-b0e1-0fc5c2f3d4bc,914.4,29.82450189917408,30.162499999999998,93181.69306893098,635588.1562672477,6.820955225583555
H:\\My Drive\\CAD Repository\\Keyway_Shaft\\STEP,f816693d-b461-4830-9f7a-9be1e1daef8b,1828.8,7.7546962056235085,7.9375,49315.3443522277,85572.68539026634,1.7352141917346422
H:\\My Drive\\CAD Repository\\Keyway_Shaft\\STEP,dd0d7250-e91a-47db-85ac-220c857525d9,228.6,43.933736000744034,44.449999999999996,36863.05292367363,344742.5820040888,9.35198131087763
H:\\My Drive\\CAD Repository\\Keyway_Shaft\\STEP,9a4accaa-97ff-4e50-9d0f-db9b569f795b,1524.0,28.217755964985002,28.575,146561.85182086128,947764.5469845462,6.4666523737907875
H:\\My Drive\\CAD Repository\\Keyway_Shaft\\STEP,54c173b9-abc4-4000-ba43-5ab29a816f59,1219.1999999999998,15.509392411247006,15.875,66003.3482742162,228193.82770737703,3.4573068438790027
H:\\My Drive\\CAD Repository\\Keyway_Shaft\\STEP,7a222c1c-c7d3-4ab6-9ab5-45dd8038510a,76.19999999999999,40.71796314206921,41.275,13103.948024754936,98634.84646975309,7.527109103563291
H:\\My Drive\\CAD Repository\\Keyway_Shaft\\STEP,82a06bc9-b368-4119-9d49-d6dfef688bf9,1219.1999999999998,48.3790293718467,49.2125,205419.4423053874,2225029.6083526006,10.831640780353954
H:\\My Drive\\CAD Repository\\Keyway_Shaft\\STEP,38cff653-3a0a-4017-97c3-b76e37fbba85,457.2,40.71796314206921,41.275,65679.48257507122,591809.0788185184,9.010562440745243
H:\\My Drive\\CAD Repository\\Keyway_Shaft\\STEP,83013a08-e37b-4463-8405-fa77213262a7,609.5999999999999,35.880360128244774,36.512499999999996,76900.79440103813,611851.633604077,7.956375982454315
H:\\My Drive\\CAD Repository\\Keyway_Shaft\\STEP,47edd588-a084-4dbd-825d-59760ea86f07,152.39999999999998,60.87757195964109,61.912499999999994,37498.93749683177,440433.9447919239,11.745237977186301
H:\\My Drive\\CAD Repository\\Keyway_Shaft\\STEP,9190127b-a66a-4dd8-b0b5-141ef93ef1ec,1524.0,43.933736000744034,44.449999999999996,228662.3362188639,2298283.880027259,10.050994483968969
H:\\My Drive\\CAD Repository\\Keyway_Shaft\\STEP,f3b76115-70b8-4cea-b4fe-c861c4720225,76.19999999999999,7.7546962056235085,7.9375,2144.4901319468654,3565.5285579277643,1.6626462881835766
H:\\My Drive\\CAD Repository\\Keyway_Shaft\\STEP,caddc02e-6f2f-4f5b-b3db-79d9f9423793,304.79999999999995,48.3790293718467,49.2125,54092.34779134758,556257.4020881501,10.283476772607882
H:\\My Drive\\CAD Repository\\Keyway_Shaft\\STEP,de4bb4ee-49e3-424c-80e0-d4fef8ad5a09,609.5999999999999,40.71796314206921,41.275,86709.69639519774,789078.7717580247,9.100236819670451
H:\\My Drive\\CAD Repository\\Keyway_Shaft\\STEP,c5ddf8fe-9356-4b47-82e0-b6fd3408cb14,1828.8,56.435511929970104,57.15,353738.501161636,4549269.825525821,12.86054475434975
H:\\My Drive\\CAD Repository\\Keyway_Shaft\\STEP,3476a5c9-078b-4cf8-aca2-a3be1e2de9fb,152.39999999999998,28.217755964985002,28.575,15775.592127343461,94776.45469845462,6.007790638437008
H:\\My Drive\\CAD Repository\\Keyway_Shaft\\STEP,cc055418-72ac-476d-b84c-e5fba714cb33,457.2,9.373770796578214,9.524999999999999,14756.933054086036,31336.409718869123,2.1235042270651494
H:\\My Drive\\CAD Repository\\Keyway_Shaft\\STEP,75e64054-0976-4ab3-92b6-4f09b6e507a3,457.2,32.85813695565709,33.3375,52724.64253622096,385255.82246774586,7.306940434979364
H:\\My Drive\\CAD Repository\\Keyway_Shaft\\STEP,84adea1e-b7a2-40b2-9ea3-1b2cd795c9e0,152.39999999999998,62.49180531052143,63.5,38580.99232840072,464243.10694620933,12.032948841610404
H:\\My Drive\\CAD Repository\\Keyway_Shaft\\STEP,e2bb10df-69bf-4247-910a-3f5d0c8d5813,152.39999999999998,21.966868000372017,22.224999999999998,12036.34092643591,57457.09700068146,4.773634890524418
H:\\My Drive\\CAD Repository\\Keyway_Shaft\\STEP,2295b215-0981-4ef5-85cc-8674ae03611f,152.39999999999998,23.381360633998263,23.8125,13077.580107081038,64936.57095545162,4.9654882955211885
H:\\My Drive\\CAD Repository\\Keyway_Shaft\\STEP,7391a8ff-096d-4396-a6c5-781efe91cf8c,1524.0,21.966868000372017,22.224999999999998,113577.13796506607,574570.9700068147,5.05886114319539
H:\\My Drive\\CAD Repository\\Keyway_Shaft\\STEP,6860131f-5298-42c7-8d8c-61aa21f14e18,228.6,28.217755964985002,28.575,23041.49544365001,142164.68204768194,6.169941634012345
H:\\My Drive\\CAD Repository\\Keyway_Shaft\\STEP,f6dff44d-7cdf-4c72-8c2d-1a48b55d51e6,1828.8,15.509392411247006,15.875,98817.85555788981,342290.74156106554,3.463855187188753
H:\\My Drive\\CAD Repository\\Keyway_Shaft\\STEP,d000dfa3-c226-4ad0-b09d-a13d8963874f,228.6,15.509392411247006,15.875,12679.773938246652,42786.34269513319,3.374377406372724
H:\\My Drive\\CAD Repository\\Keyway_Shaft\\STEP,56af98ec-fea7-4b88-b6aa-8638e7637b4b,1219.1999999999998,18.747541593156413,19.049999999999997,78520.87007837497,334255.03700127074,4.256894207458944
H:\\My Drive\\CAD Repository\\Keyway_Shaft\\STEP,05eb7117-d212-4285-966c-581f038d566a,609.5999999999999,32.85813695565709,33.3375,69737.7621940109,513674.4299569945,7.365800303828921
H:\\My Drive\\CAD Repository\\Keyway_Shaft\\STEP,725c7b34-cc33-4b7c-8dfc-5ca9921fc4fc,1828.8,31.429259866673178,31.75,194320.0771450178,1412282.2389418453,7.267814317960994
H:\\My Drive\\CAD Repository\\Keyway_Shaft\\STEP,4cafa0ca-3661-4bb0-8ec1-4bf81c2850d0,457.2,56.435511929970104,57.15,92165.98177460015,1137317.4563814553,12.339883268024673
H:\\My Drive\\CAD Repository\\Keyway_Shaft\\STEP,6e2b0089-be92-4b2c-90d9-dfd636bc6cc8,1524.0,56.435511929970104,57.15,295611.2746311836,3791058.1879381845,12.824470895665463
H:\\My Drive\\CAD Repository\\Keyway_Shaft\\STEP,bfcc53d7-d4d3-4aee-a603-ca7493966e93,1219.1999999999998,12.498361062104285,12.7,52225.3981344164,148557.79422278696,2.8445507268404677
H:\\My Drive\\CAD Repository\\Keyway_Shaft\\STEP,09e2c6ba-d157-41f5-8acc-2b65aa949bad,76.19999999999999,43.933736000744034,44.449999999999996,14298.431359533606,114914.1940013629,8.036839224656825
H:\\My Drive\\CAD Repository\\Keyway_Shaft\\STEP,b9c77a85-4d31-4be5-b67c-c0aef3136e3a,76.19999999999999,48.3790293718467,49.2125,16260.574162837635,139064.35052203754,8.552241091206918
H:\\My Drive\\CAD Repository\\Keyway_Shaft\\STEP,8db5d86b-9a9e-479c-b81d-c6406de5a56b,152.39999999999998,49.993444248417106,50.8,29890.00518671802,297115.5884455739,9.940298992574307
H:\\My Drive\\CAD Repository\\Keyway_Shaft\\STEP,d232991f-9a86-4487-acf5-799404e99c4c,228.6,40.71796314206921,41.275,34134.16184488145,295904.5394092592,8.66886788531564
H:\\My Drive\\CAD Repository\\Keyway_Shaft\\STEP,45f5d92e-9c05-482e-af2b-42f4efa1b8de,457.2,24.996722124208553,25.4,39961.06440006434,222836.69133418045,5.576345242040692
H:\\My Drive\\CAD Repository\\Keyway_Shaft\\STEP,1eccf839-a752-4e25-a10c-536fee6c0dbf,304.79999999999995,12.498361062104285,12.7,13239.122410354577,37139.44855569674,2.8052802447577077
H:\\My Drive\\CAD Repository\\Keyway_Shaft\\STEP,a5941e8d-3ca0-4b5a-b04d-bb4531e544a0,1828.8,54.8270509968738,55.5625,344248.6000396478,4292424.372496555,12.468966822238894
H:\\My Drive\\CAD Repository\\Keyway_Shaft\\STEP,12a26fa1-5939-4f9a-b618-b97d804cdcfa,304.79999999999995,18.747541593156413,19.049999999999997,20041.456492282316,83563.75925031769,4.169545226540642
H:\\My Drive\\CAD Repository\\Keyway_Shaft\\STEP,b201d8ac-62bc-4ab5-a0a7-3f0a8f145e81,152.39999999999998,40.71796314206921,41.275,23619.054934818196,197269.69293950617,8.352141670524661
H:\\My Drive\\CAD Repository\\Keyway_Shaft\\STEP,a7febc57-f7d7-40ae-bc76-c87e89540f01,304.79999999999995,23.381360633998263,23.8125,25302.97424361809,129873.14191090324,5.132722369334104
H:\\My Drive\\CAD Repository\\Keyway_Shaft\\STEP,6cf59c94-5461-4d9c-9170-b08e457a2c2b,228.6,21.966868000372017,22.224999999999998,17677.49631747092,86185.6455010222,4.8754441213399495
H:\\My Drive\\CAD Repository\\Keyway_Shaft\\STEP,3bae78a9-2ff1-41df-aa0d-0c15a4ed4b74,609.5999999999999,18.747541593156413,19.049999999999997,39534.594354313194,167127.51850063537,4.227374056321938
H:\\My Drive\\CAD Repository\\Keyway_Shaft\\STEP,4ed9d0db-d9cf-4008-b64b-6cec9f1321a7,609.5999999999999,56.435511929970104,57.15,121229.59503982634,1516423.2751752734,12.50868877914752
H:\\My Drive\\CAD Repository\\Keyway_Shaft\\STEP,973ac847-7d59-457b-878e-314c93b7dab8,609.5999999999999,9.373770796578214,9.524999999999999,19630.217519593763,41781.87962515883,2.128447103729469
H:\\My Drive\\CAD Repository\\Keyway_Shaft\\STEP,8400823e-e09d-4b93-90f0-9024c5697df9,228.6,18.747541593156413,19.049999999999997,15168.172026774599,62672.819437738246,4.1318637029636305
H:\\My Drive\\CAD Repository\\Keyway_Shaft\\STEP,16a28ae3-708d-4230-bade-4284fb273057,457.2,23.381360633998263,23.8125,37528.368380155145,194809.71286635488,5.190998737087901
H:\\My Drive\\CAD Repository\\Keyway_Shaft\\STEP,9e454c31-3fe8-4472-9de0-23bd09b913ad,152.39999999999998,43.933736000744034,44.449999999999996,25580.742141603623,229828.3880027258,8.984430034535276
H:\\My Drive\\CAD Repository\\Keyway_Shaft\\STEP,b28ea5c4-f159-4ab9-a5dc-0fc89ff2cd4b,1524.0,9.373770796578214,9.524999999999999,48869.92431264014,104454.6990628971,2.1374025135512644
H:\\My Drive\\CAD Repository\\Keyway_Shaft\\STEP,509affb4-fdcc-40d2-aad7-77e95272cf44,1524.0,40.71796314206921,41.275,212890.97931595682,1972696.9293950617,9.266230705187995
H:\\My Drive\\CAD Repository\\Keyway_Shaft\\STEP,e5d68a0a-a54b-4500-ad14-c36d99f52065,228.6,12.498361062104285,12.7,9990.266100016093,27854.58641677256,2.788172621020344
H:\\My Drive\\CAD Repository\\Keyway_Shaft\\STEP,b482c261-793c-456e-903f-b1b738bf0383,152.39999999999998,37.495083186312826,38.099999999999994,21686.412383036604,167127.5185006353,7.7065544797702294
H:\\My Drive\\CAD Repository\\Keyway_Shaft\\STEP,08240eb1-2454-4827-8958-e67a31a75905,228.6,24.996722124208553,25.4,20467.92653803344,111418.34566709022,5.4435580204009915
H:\\My Drive\\CAD Repository\\Keyway_Shaft\\STEP,6600b482-280e-47b3-a969-5cea1cb71da9,152.39999999999998,18.747541593156413,19.049999999999997,10294.887561266873,41781.87962515884,4.058507621040713
H:\\My Drive\\CAD Repository\\Keyway_Shaft\\STEP,f7b5fb58-156e-439f-8cb3-98a15b0e2161,914.4,37.495083186312826,38.099999999999994,119152.10169319111,1002765.1110038119,8.415840734273129
H:\\My Drive\\CAD Repository\\Keyway_Shaft\\STEP,18bfbae3-8f2e-4bcd-b162-17ae2bf5e01c,1524.0,49.993444248417106,50.8,263807.65953108884,2971155.88445574,11.262583845127512
H:\\My Drive\\CAD Repository\\Keyway_Shaft\\STEP,a79c6fd9-5b41-4ee3-93ad-d52de1df3e7e,609.5999999999999,37.495083186312826,38.099999999999994,80165.82596912929,668510.0740025413,8.339090453081278
H:\\My Drive\\CAD Repository\\Keyway_Shaft\\STEP,e5737ae8-047f-4201-b936-c2c331c65f12,1828.8,34.46802644546767,34.925,215228.26065941606,1696567.7940934491,7.88264416994082
H:\\My Drive\\CAD Repository\\Keyway_Shaft\\STEP,5c2764a8-8b75-4190-b761-7023a68ff83b,1828.8,35.880360128244774,36.512499999999996,226687.6087044,1835554.9008122315,8.097288207781087
H:\\My Drive\\CAD Repository\\Keyway_Shaft\\STEP,b32f4734-87c4-4331-ac67-6b4eacb707b5,304.79999999999995,35.880360128244774,36.512499999999996,39454.09082519767,305925.8168020385,7.753969497293713
H:\\My Drive\\CAD Repository\\Keyway_Shaft\\STEP,245e0bcb-2a7d-41aa-9910-6159d52c7bbc,609.5999999999999,24.996722124208553,25.4,52956.489641418266,297115.5884455739,5.61056048951542
H:\\My Drive\\CAD Repository\\Keyway_Shaft\\STEP,f5ded3c2-ce46-4c6e-b720-f7d6898edf2f,228.6,9.373770796578214,9.524999999999999,7447.006355824447,15668.204859434562,2.1039601835682813
H:\\My Drive\\CAD Repository\\Keyway_Shaft\\STEP,f666b900-2af0-4d3b-aa2f-5f48a0bf2a90,152.39999999999998,34.46802644546767,34.925,19636.461731007395,141380.64950778743,7.1999045166338265
H:\\My Drive\\CAD Repository\\Keyway_Shaft\\STEP,a54c624e-ecb8-4fac-9953-7f8f96e72a33,457.2,31.429259866673178,31.75,49738.38726438917,353070.5597354613,7.09855263015829
H:\\My Drive\\CAD Repository\\Keyway_Shaft\\STEP,9a3190d8-dd80-4ed0-a506-a6d04e91fa7b,228.6,17.131510412630078,17.4625,13921.77828502813,52276.05372293171,3.7549839289676696
H:\\My Drive\\CAD Repository\\Keyway_Shaft\\STEP,ce362193-bd0f-40b5-a035-5b948f662026,609.5999999999999,31.429259866673178,31.75,65803.0194733479,470760.74631394836,7.154090345422825
H:\\My Drive\\CAD Repository\\Keyway_Shaft\\STEP,9a0ac8a5-624b-46f8-aa2f-772cb122ca9e,76.19999999999999,12.498361062104285,12.7,3492.5534793391203,9284.862138924185,2.6584738627054945
H:\\My Drive\\CAD Repository\\Keyway_Shaft\\STEP,e7499b3b-f46c-484b-8a6c-544dca71b82f,609.5999999999999,43.933736000744034,44.449999999999996,93274.6068340237,919313.5520109033,9.855989569023475
H:\\My Drive\\CAD Repository\\Keyway_Shaft\\STEP,ee9171e7-01a2-4b7e-b021-7e3ddc364049,76.19999999999999,54.8270509968738,55.5625,18842.350195195148,178851.01552068972,9.491969614613003
H:\\My Drive\\CAD Repository\\Keyway_Shaft\\STEP,846da0cb-cfe9-469b-9f23-38f496c48d37,76.19999999999999,18.747541593156413,19.049999999999997,5421.603095759149,20890.93981257942,3.8532772398851174
H:\\My Drive\\CAD Repository\\Keyway_Shaft\\STEP,3189f8dd-5a78-4db1-8918-a7ee3978ffbd,304.79999999999995,20.358981571034608,20.6375,21677.42409879942,98634.84646975307,4.550118409835228
H:\\My Drive\\CAD Repository\\Keyway_Shaft\\STEP,d3b90301-de09-4336-847f-17546353f44d,152.39999999999998,48.3790293718467,49.2125,28871.16537234095,278128.7010440751,9.633442137064787
H:\\My Drive\\CAD Repository\\Keyway_Shaft\\STEP,3a8a5ee4-efcd-4c2c-950b-1681332bf88d,228.6,49.993444248417106,50.8,42885.43042807195,445673.3826683609,10.392186302428527
H:\\My Drive\\CAD Repository\\Keyway_Shaft\\STEP,d18b98c6-b9d1-47f7-837f-46c63db8874a,1828.8,62.49180531052143,63.5,395955.18646563427,5570917.2833545115,14.069565127007175
H:\\My Drive\\CAD Repository\\Keyway_Shaft\\STEP,3a215e1f-f4dd-443f-a780-5ccfe1bcb967,914.4,62.49180531052143,63.5,201023.80784532503,2785458.6416772557,13.856361948035966
H:\\My Drive\\CAD Repository\\Keyway_Shaft\\STEP,a16f738f-cadb-41c4-990e-fd655e603807,1828.8,49.993444248417106,50.8,315789.36049650447,3565387.061346887,11.29039640772303
H:\\My Drive\\CAD Repository\\Keyway_Shaft\\STEP,f92de553-a0c1-4e0c-87dc-2bd6142e3a3f,609.5999999999999,7.7546962056235085,7.9375,16500.837068554072,28524.228463422114,1.7286534219394982
H:\\My Drive\\CAD Repository\\Keyway_Shaft\\STEP,8832e5b6-4bd3-49c1-8b21-e1f81d6971c7,1524.0,54.8270509968738,55.5625,287656.20876235166,3577020.3104137955,12.435053377794343
H:\\My Drive\\CAD Repository\\Keyway_Shaft\\STEP,4428e5cf-cedc-4b33-be71-1c2640eb8fab,1828.8,18.747541593156413,19.049999999999997,117507.14580243677,501382.55550190597,4.266826090260706
H:\\My Drive\\CAD Repository\\Keyway_Shaft\\STEP,5e08daea-f85c-496f-9409-3eb238b5ec10,1219.1999999999998,20.358981571034608,20.6375,84768.06555917891,394539.3858790123,4.654339854005204
H:\\My Drive\\CAD Repository\\Keyway_Shaft\\STEP,3e1aeb28-46dc-4878-8717-baaa50f449f8,76.19999999999999,15.509392411247006,15.875,4476.147117328253,14262.114231711064,3.1862478729751653
H:\\My Drive\\CAD Repository\\Keyway_Shaft\\STEP,a9f6faf8-e067-44fb-84ea-6bb6a9401b5b,914.4,20.358981571034608,20.6375,63737.851739052436,295904.5394092592,4.642524517781282
H:\\My Drive\\CAD Repository\\Keyway_Shaft\\STEP,f09b685f-32a3-47c0-9bd9-892eb282c8bf,1524.0,60.87757195964109,61.912499999999994,322969.6177094291,4404339.44791924,13.63700858042244
H:\\My Drive\\CAD Repository\\Keyway_Shaft\\STEP,4f600c8e-248a-4656-a662-1f25aae37199,457.2,62.49180531052143,63.5,103558.11853517045,1392729.3208386279,13.448770029224011
H:\\My Drive\\CAD Repository\\Keyway_Shaft\\STEP,b210462f-e4e6-4b52-99d8-0ca63635f5ac,1524.0,48.3790293718467,49.2125,255861.80714340066,2781287.0104407514,10.870270328708918
H:\\My Drive\\CAD Repository\\Keyway_Shaft\\STEP,29cf94f2-1d36-4c9a-9daa-16346113558b,457.2,7.7546962056235085,7.9375,12399.023658094875,21393.171347566586,1.7253916064269912
H:\\My Drive\\CAD Repository\\Keyway_Shaft\\STEP,77a66d58-850e-4155-a80b-977c517d43e2,152.39999999999998,17.131510412630078,17.4625,9433.63829011479,34850.70248195447,3.6943013300047145
H:\\My Drive\\CAD Repository\\Keyway_Shaft\\STEP,08ec3b33-ddb8-47f3-a2b9-dd06e93da4a3,457.2,18.747541593156413,19.049999999999997,29788.025423297768,125345.63887547649,4.207920367136565
H:\\My Drive\\CAD Repository\\Keyway_Shaft\\STEP,92d97daf-9b27-4477-83ad-5f87a07cb3cd,76.19999999999999,21.966868000372017,22.224999999999998,6395.185535400906,28728.54850034073,4.492215017267638
H:\\My Drive\\CAD Repository\\Keyway_Shaft\\STEP,fd5bf2a3-db6c-46aa-b80c-889d1b539f5b,1524.0,35.880360128244774,36.512499999999996,189240.90512855953,1529629.0840101931,8.082972774681298
H:\\My Drive\\CAD Repository\\Keyway_Shaft\\STEP,5f4d5c7a-74b8-435c-b53d-7f4ff13dcdf8,304.79999999999995,15.509392411247006,15.875,16781.58734870585,57048.45692684426,3.3994672697778903
H:\\My Drive\\CAD Repository\\Keyway_Shaft\\STEP,85dc9f96-b6fd-407a-9e24-7af72103e7b0,76.19999999999999,29.82450189917408,30.162499999999998,9039.46846567056,52965.67968893731,5.859379883904296
H:\\My Drive\\CAD Repository\\Keyway_Shaft\\STEP,d7d2602c-1793-4fec-a473-364c79a84743,76.19999999999999,20.358981571034608,20.6375,5904.763733704545,24658.711617438268,4.176070835262332
H:\\My Drive\\CAD Repository\\Keyway_Shaft\\STEP,a97ef900-2a94-4c48-938c-40f2c0e440b7,609.5999999999999,54.8270509968738,55.5625,117879.0349304633,1430808.1241655177,12.137935511684073
H:\\My Drive\\CAD Repository\\Keyway_Shaft\\STEP,c2a55dd2-72b3-4597-8d07-055e4ae084e4,76.19999999999999,62.49180531052143,63.5,22336.710776708293,232121.55347310466,10.391930835006848
H:\\My Drive\\CAD Repository\\Keyway_Shaft\\STEP,b652f7b1-b740-4388-b385-85840240a078,152.39999999999998,12.498361062104285,12.7,6741.409789677607,18569.72427784837,2.7545758019757507
H:\\My Drive\\CAD Repository\\Keyway_Shaft\\STEP,a3ed0514-fbe3-4fa6-b6ea-b13b20bb14af,1828.8,32.85813695565709,33.3375,205842.71945633073,1541023.2898709835,7.4864114404488795
H:\\My Drive\\CAD Repository\\Keyway_Shaft\\STEP,f68cd739-8f0e-483d-8571-42935ebd2d56,1524.0,20.358981571034608,20.6375,105798.27937930544,493174.2323487655,4.661457967389517
H:\\My Drive\\CAD Repository\\Keyway_Shaft\\STEP,078f7663-2d02-4a32-a3c3-ca0367318357,1219.1999999999998,62.49180531052143,63.5,266000.9340520947,3713944.8555696746,13.962149677423014
H:\\My Drive\\CAD Repository\\Keyway_Shaft\\STEP,5af60b7e-673f-42a8-aafd-e651c484b95c,76.19999999999999,49.993444248417106,50.8,16894.57994536409,148557.79422278696,8.793222128233591
H:\\My Drive\\CAD Repository\\Keyway_Shaft\\STEP,53413f55-45fb-4eaf-be6e-2bd7db28ec72,228.6,32.85813695565709,33.3375,27204.963049535992,192627.91123387293,7.080616536149216
H:\\My Drive\\CAD Repository\\Keyway_Shaft\\STEP,b87c2daa-120f-465f-93fe-0f44333a93ce,228.6,31.429259866673178,31.75,25641.43895095106,176535.27986773066,6.884764938715845
H:\\My Drive\\CAD Repository\\Keyway_Shaft\\STEP,8605be5c-1d9b-473c-baa7-9c56195898e9,304.79999999999995,37.495083186312826,38.099999999999994,41179.550245067505,334255.0370012706,8.11701524208142
H:\\My Drive\\CAD Repository\\Keyway_Shaft\\STEP,61f4d97d-68b7-4dd9-8289-7c3e2b33f031,1828.8,17.131510412630078,17.4625,108172.71817820822,418208.4297834537,3.866117416911719
H:\\My Drive\\CAD Repository\\Keyway_Shaft\\STEP,19febaa6-f263-434d-a805-a74ef605112c,609.5999999999999,23.381360633998263,23.8125,49753.76251669219,259746.2838218065,5.220636001843331
H:\\My Drive\\CAD Repository\\Keyway_Shaft\\STEP,68bc943c-3257-4528-8834-1aeb850bc72e,76.19999999999999,28.217755964985002,28.575,8509.688811036918,47388.22734922731,5.568737988134843
H:\\My Drive\\CAD Repository\\Keyway_Shaft\\STEP,11dd062b-8682-43b3-a402-28528abe435e,76.19999999999999,23.381360633998263,23.8125,6964.883038812512,32468.28547772581,4.661712952937332
H:\\My Drive\\CAD Repository\\Keyway_Shaft\\STEP,c7c554c7-7405-4dc7-b8b1-d906291a3d16,914.4,48.3790293718467,49.2125,154977.07746737413,1668772.2062644511,10.767864729000081
H:\\My Drive\\CAD Repository\\Keyway_Shaft\\STEP,7defc59e-cde4-411f-b1bc-9400ae0ed296,914.4,9.373770796578214,9.524999999999999,29376.786450609216,62672.819437738246,2.133413045130351
H:\\My Drive\\CAD Repository\\Keyway_Shaft\\STEP,f6ca7e50-5945-4cc2-bb56-06716e51f872,914.4,21.966868000372017,22.224999999999998,68447.894836786,344742.5820040888,5.036569536961326
H:\\My Drive\\CAD Repository\\Keyway_Shaft\\STEP,6eb92011-77a2-46fa-986e-3a89e8e9d742,1524.0,62.49180531052143,63.5,330978.06025886454,4642431.0694620935,14.026401223788536
H:\\My Drive\\CAD Repository\\Keyway_Shaft\\STEP,e4712832-2a89-4bed-a7d5-3b0e28d90f06,304.79999999999995,49.993444248417106,50.8,55880.85566942588,594231.1768911479,10.633895450821987
H:\\My Drive\\CAD Repository\\Keyway_Shaft\\STEP,8842a0f9-4a9d-4e0a-8df4-7ad6840b8af5,76.19999999999999,9.373770796578214,9.524999999999999,2573.721890316721,5222.7349531448535,2.0292538105203537
H:\\My Drive\\CAD Repository\\Keyway_Shaft\\STEP,a49e7745-3b1c-456d-9530-6e32146f2242,1828.8,21.966868000372017,22.224999999999998,136141.7595292061,689485.1640081776,5.064464910637977
H:\\My Drive\\CAD Repository\\Keyway_Shaft\\STEP,62309c69-ca18-4078-b238-0cafc4e5b281,914.4,28.217755964985002,28.575,88434.62529040889,568658.7281907278,6.430272377174885
H:\\My Drive\\CAD Repository\\Keyway_Shaft\\STEP,31943fc8-dba6-42d6-8798-0567e425594a,76.19999999999999,35.880360128244774,36.512499999999996,11369.063143317324,76481.45420050963,6.7271553721174495
H:\\My Drive\\CAD Repository\\Keyway_Shaft\\STEP,3feffd4a-e037-47a7-a1bc-2bcda0e96c59,304.79999999999995,9.373770796578214,9.524999999999999,9883.64858857831,20890.939812579414,2.113687028160966
H:\\My Drive\\CAD Repository\\Keyway_Shaft\\STEP,29eab350-b3a1-4819-a1d4-109e9492c571,304.79999999999995,54.8270509968738,55.5625,61286.64365316721,715404.0620827589,11.6730827377555
H:\\My Drive\\CAD Repository\\Keyway_Shaft\\STEP,e07295f7-8b3f-485a-bba7-ce6766de29e3,152.39999999999998,7.7546962056235085,7.9375,4195.396837176468,7131.0571158555285,1.699733634888942
H:\\My Drive\\CAD Repository\\Keyway_Shaft\\STEP,9b965fe7-3666-4230-9393-7154746bcb0f,609.5999999999999,20.358981571034608,20.6375,42707.63791892592,197269.69293950615,4.6190729001213615
H:\\My Drive\\CAD Repository\\Keyway_Shaft\\STEP,10955534-bf68-4350-8a36-8b1aacc6e839,457.2,48.3790293718467,49.2125,79313.5302103542,834386.1031322256,10.520097906615412
H:\\My Drive\\CAD Repository\\Keyway_Shaft\\STEP,d4d2e894-1fc4-4dde-b3a7-9a157a7a04ef,304.79999999999995,40.71796314206921,41.275,44649.2687549447,394539.38587901235,8.836413157053528
H:\\My Drive\\CAD Repository\\Keyway_Shaft\\STEP,d84d4924-b545-493e-a52c-8b3677e8fb56,457.2,60.87757195964109,61.912499999999994,100936.86643296453,1321301.8343757722,13.090378977172746
H:\\My Drive\\CAD Repository\\Keyway_Shaft\\STEP,3a20f78a-93c8-46ef-a9cc-c0d39ab69e45,914.4,60.87757195964109,61.912499999999994,196093.75983716364,2642603.6687515443,13.476225204442832
H:\\My Drive\\CAD Repository\\Keyway_Shaft\\STEP,30bd5d64-4c4c-4562-88de-4861f4aae13a,457.2,21.966868000372017,22.224999999999998,34600.96249057594,172371.2910020444,4.981690640802034
H:\\My Drive\\CAD Repository\\Keyway_Shaft\\STEP,2f20c267-0af0-49ca-b684-17a692b8bb54,1219.1999999999998,32.85813695565709,33.3375,137790.24082517077,1027348.859913989,7.455889863909132
H:\\My Drive\\CAD Repository\\Keyway_Shaft\\STEP,590162fb-d719-40a6-a5b2-2dd2a4e8c413,1524.0,29.82450189917408,30.162499999999998,154376.03823493852,1059313.593778746,6.86190425593524
H:\\My Drive\\CAD Repository\\Keyway_Shaft\\STEP,e13f7f55-ff40-42aa-a22e-ffcec267ee8b,304.79999999999995,62.49180531052143,63.5,71069.55543178556,928486.2138924187,13.064471956400576
H:\\My Drive\\CAD Repository\\Keyway_Shaft\\STEP,9ed7451a-b9af-4413-9373-c5024f9917d8,609.5999999999999,28.217755964985002,28.575,59371.01202518272,379105.8187938185,6.385368985002605
H:\\My Drive\\CAD Repository\\Keyway_Shaft\\STEP,7d3bace7-f3bc-4ddb-82a8-64e7fa171fd7,1219.1999999999998,9.373770796578214,9.524999999999999,39123.35538162468,83563.75925031766,2.135904715615614
H:\\My Drive\\CAD Repository\\Keyway_Shaft\\STEP,76b4ca43-18ef-4614-8a6c-50139a5e2de8,457.2,20.358981571034608,20.6375,32192.53100886268,147952.2697046296,4.595857022360186
H:\\My Drive\\CAD Repository\\Keyway_Shaft\\STEP,51c0ae6d-145d-466d-b2e2-4783f21644aa,609.5999999999999,17.131510412630078,17.4625,36362.47825959481,139402.80992781787,3.8336993681401306
H:\\My Drive\\CAD Repository\\Keyway_Shaft\\STEP,32127a05-6bab-4909-bc49-9bb2a7009924,914.4,12.498361062104285,12.7,39229.97289306246,111418.34566709024,2.84013312909512
H:\\My Drive\\CAD Repository\\Keyway_Shaft\\STEP,38875b53-2fd1-4e9a-827e-7c7b9c5c0456,1524.0,7.7546962056235085,7.9375,41111.717531309296,71310.57115855529,1.7345558745933582
H:\\My Drive\\CAD Repository\\Keyway_Shaft\\STEP,54dcce55-46bc-4863-9d49-41c4f9307285,609.5999999999999,49.993444248417106,50.8,107862.55663484162,1188462.3537822957,11.018303207903012
H:\\My Drive\\CAD Repository\\Keyway_Shaft\\STEP,2a8c3b80-9ec0-42fc-ab09-701ebee08193,1524.0,12.498361062104285,12.7,65220.82337577034,185697.24277848372,2.8472078880174116
H:\\My Drive\\CAD Repository\\Keyway_Shaft\\STEP,54e4cf91-3f8e-4221-a985-f714940e00b6,76.19999999999999,32.85813695565709,33.3375,10191.843391746017,64209.30374462431,6.300067738150781
H:\\My Drive\\CAD Repository\\Keyway_Shaft\\STEP,db315769-2c64-4dd5-a451-2d38f086f3a1,304.79999999999995,34.46802644546767,34.925,37417.534360862715,282761.29901557486,7.5569196058875585
H:\\My Drive\\CAD Repository\\Keyway_Shaft\\STEP,193d8294-3a89-4e43-bd0e-4e5f32101e87,914.4,40.71796314206921,41.275,128770.12403545076,1183618.1576370369,9.19171404472037
H:\\My Drive\\CAD Repository\\Keyway_Shaft\\STEP,70d3b0d4-a0eb-4096-b54b-b83162b6ae82,76.19999999999999,17.131510412630078,17.4625,4945.498295201453,17425.351240977234,3.5234773527037313
H:\\My Drive\\CAD Repository\\Keyway_Shaft\\STEP,fce6b1b0-394e-45a7-9833-d4240937b408,457.2,15.509392411247006,15.875,24985.21416962425,85572.68539026639,3.4249330347666698
H:\\My Drive\\CAD Repository\\Keyway_Shaft\\STEP,51112875-e960-433d-a45c-26f84aa69d37,152.39999999999998,9.373770796578214,9.524999999999999,5010.364123070584,10445.469906289707,2.084772613270318
H:\\My Drive\\CAD Repository\\Keyway_Shaft\\STEP,68ab99e7-6f61-4a56-9588-644d2d91f574,1828.8,29.82450189917408,30.162499999999998,184973.2108179423,1271176.3125344955,6.872218452139189
H:\\My Drive\\CAD Repository\\Keyway_Shaft\\STEP,bde3829e-a9b2-488a-9064-0c761d4ba40d,1828.8,28.217755964985002,28.575,175625.46508608744,1137317.4563814555,6.475811784036953
H:\\My Drive\\CAD Repository\\Keyway_Shaft\\STEP,a37ed3ba-707c-4d32-81db-6a25edf36265,1219.1999999999998,31.429259866673178,31.75,130061.54830918286,941521.4926278967,7.239045704651369
H:\\My Drive\\CAD Repository\\Keyway_Shaft\\STEP,ba9a090f-70db-4fbd-8f4d-9fdb6aad78b1,914.4,31.429259866673178,31.75,97932.2838912654,706141.1194709226,7.210503946328403
H:\\My Drive\\CAD Repository\\Keyway_Shaft\\STEP,44349c83-5a3f-4cdc-a34a-dfb65e182ac3,152.39999999999998,54.8270509968738,55.5625,32990.44801451917,357702.03104137944,10.842593919426434
H:\\My Drive\\CAD Repository\\Keyway_Shaft\\STEP,90916e15-819d-44e0-a49c-6c910c7c123e,1219.1999999999998,56.435511929970104,57.15,237484.04810073113,3032846.550350547,12.770737970005193
H:\\My Drive\\CAD Repository\\Keyway_Shaft\\STEP,93a0de2e-3df5-4a44-b494-4f42b749a18d,76.19999999999999,37.495083186312826,38.099999999999994,11939.84345202116,83563.75925031766,6.998731565125513
H:\\My Drive\\CAD Repository\\Keyway_Shaft\\STEP,2e4f2577-2f91-4f76-9a06-082ae20b464a,76.19999999999999,34.46802644546767,34.925,10745.925416079728,70690.32475389371,6.578337557425797
H:\\My Drive\\CAD Repository\\Keyway_Shaft\\STEP,c568c4bb-20dd-41b5-bf41-a260ad5456b2,228.6,60.87757195964109,61.912499999999994,53358.41973086497,660650.9171878861,12.381380867727145
H:\\My Drive\\CAD Repository\\Keyway_Shaft\\STEP,d22d762a-0b99-4ff4-b805-b6356f65d50b,1524.0,15.509392411247006,15.875,82410.60191605303,285242.2846342213,3.4612328754106336
H:\\My Drive\\CAD Repository\\Keyway_Shaft\\STEP,dd11e45d-68e5-4aa3-8289-859c367dab55,457.2,12.498361062104285,12.7,19736.835031031547,55709.17283354512,2.8225991019307552
H:\\My Drive\\CAD Repository\\Keyway_Shaft\\STEP,4f7608e9-b51d-4d5b-90e4-9af5e18bc1f1,1524.0,37.495083186312826,38.099999999999994,197124.6531413147,1671275.1850063535,8.4782656982445
H:\\My Drive\\CAD Repository\\Keyway_Shaft\\STEP,7ab13241-6f8f-4d83-bc90-2a349d6bc9a7,1219.1999999999998,7.7546962056235085,7.9375,32908.09071039088,57048.45692684423,1.7335693349365575
H:\\My Drive\\CAD Repository\\Keyway_Shaft\\STEP,a9c5c8bb-3cf7-47f4-83d7-c2f19b15a052,304.79999999999995,32.85813695565709,33.3375,35711.52287843097,256837.21497849724,7.191998388106312
H:\\My Drive\\CAD Repository\\Keyway_Shaft\\STEP,cfc975f4-c0fd-4e21-92d1-941596f3227f,1828.8,9.373770796578214,9.524999999999999,58616.49324365558,125345.63887547649,2.1384022130843423
H:\\My Drive\\CAD Repository\\Keyway_Shaft\\STEP,855d0654-36e7-4052-9697-522ccda9fe58,609.5999999999999,62.49180531052143,63.5,136046.68163855525,1856972.4277848373,13.649523865039106
H:\\My Drive\\CAD Repository\\Keyway_Shaft\\STEP,a76353d1-a009-4fd4-8458-aa6f24492bd5,1219.1999999999998,29.82450189917408,30.162499999999998,123778.86565193476,847450.8750229969,6.84649088161805
H:\\My Drive\\CAD Repository\\Keyway_Shaft\\STEP,544b64bb-050b-49a1-9b56-bad943f0c56f,1828.8,60.87757195964109,61.912499999999994,386407.5466455619,5285207.337503089,13.677805683104385
H:\\My Drive\\CAD Repository\\Keyway_Shaft\\STEP,7bfa97e1-f055-4f58-b774-de4f21311be1,1524.0,34.46802644546767,34.925,179666.11539970542,1413806.4950778745,7.869076992801685
H:\\My Drive\\CAD Repository\\Keyway_Shaft\\STEP,c41831fc-27ba-4a6f-a46d-038b4e0fb9f3,228.6,34.46802644546767,34.925,28526.998045935066,212070.97426168114,7.4340445468604095
H:\\My Drive\\CAD Repository\\Keyway_Shaft\\STEP,198dd4c7-5402-47d3-bbf1-9394e95a24ea,228.6,62.49180531052143,63.5,54825.27388009317,696364.6604193139,12.70152634243677
H:\\My Drive\\CAD Repository\\Keyway_Shaft\\STEP,9786c072-cefc-4335-92af-777d284ccaf0,1219.1999999999998,21.966868000372017,22.224999999999998,91012.51640092602,459656.7760054517,5.050478705374801
H:\\My Drive\\CAD Repository\\Keyway_Shaft\\STEP,a0539b39-9f03-490e-b962-55ec3761f456,304.79999999999995,56.435511929970104,57.15,63102.36850937391,758211.6375876367,12.015581276874
H:\\My Drive\\CAD Repository\\Keyway_Shaft\\STEP,966bdcf3-1e9a-4969-9f3b-d63a635e36ca,1219.1999999999998,17.131510412630078,17.4625,72267.5982189015,278805.61985563574,3.857961613877386
H:\\My Drive\\CAD Repository\\Keyway_Shaft\\STEP,0cb7da70-6aa8-442c-9815-d891c6a30307,914.4,34.46802644546767,34.925,108541.82488028407,848283.8970467246,7.815272112684093
H:\\My Drive\\CAD Repository\\Keyway_Shaft\\STEP,7bc16045-757d-43d7-a40c-a4f39e7f38af,1828.8,24.996722124208553,25.4,156919.8915722497,891346.7653367218,5.680266258190245
H:\\My Drive\\CAD Repository\\Keyway_Shaft\\STEP,bc774ecf-110a-4336-a803-232ab3fb08bd,1524.0,31.429259866673178,31.75,162190.81272710033,1176901.8657848712,7.256279477217414
H:\\My Drive\\CAD Repository\\Keyway_Shaft\\STEP,57a4e5bf-5e71-40df-8cef-6b05160b9003,1219.1999999999998,43.933736000744034,44.449999999999996,183533.0930905838,1838627.1040218065,10.017959557377162
H:\\My Drive\\CAD Repository\\Keyway_Shaft\\STEP,ccea9d3d-e214-4c6a-89db-a09fe4f556fb,304.79999999999995,17.131510412630078,17.4625,18409.91827994146,69701.40496390894,3.7860789985065906
H:\\My Drive\\CAD Repository\\Keyway_Shaft\\STEP,5d967951-85bb-466e-af33-f3cae163c351,152.39999999999998,29.82450189917408,30.162499999999998,16688.761611421505,105931.35937787461,6.347466747045927
H:\\My Drive\\CAD Repository\\Keyway_Shaft\\STEP,933a4e7c-7f33-4e31-89ee-0322a29161fd,228.6,23.381360633998263,23.8125,19190.277175349565,97404.85643317744,5.075739945971006
H:\\My Drive\\CAD Repository\\Keyway_Shaft\\STEP,380e0537-2638-447b-a411-6bda37c904ed,228.6,56.435511929970104,57.15,48570.56187676082,568658.7281907276,11.707888610257346
H:\\My Drive\\CAD Repository\\Keyway_Shaft\\STEP,8ed7f35c-13c7-408b-88b5-693f08388def,1524.0,17.131510412630078,17.4625,90220.15819855487,348507.02481954475,3.862850961229273
H:\\My Drive\\CAD Repository\\Keyway_Shaft\\STEP,aa624b49-4ba8-4bd9-b9c2-010dfc01e509,304.79999999999995,60.87757195964109,61.912499999999994,69217.90196489813,880867.8895838478,12.726012557135213
H:\\My Drive\\CAD Repository\\Keyway_Shaft\\STEP,27ab3610-ea25-427f-bb1d-acf6501fd77b,914.4,23.381360633998263,23.8125,74204.55078976629,389619.42573270976,5.250613629298367
H:\\My Drive\\CAD Repository\\Keyway_Shaft\\STEP,c89aa841-14e3-4f74-8ec5-7c2ddcbaa1f0,457.2,54.8270509968738,55.5625,89582.83929181527,1073106.0931241387,11.978924776301247
H:\\My Drive\\CAD Repository\\Keyway_Shaft\\STEP,ebee577a-56e4-4607-a96a-fd57900c6ff2,228.6,37.495083186312826,38.099999999999994,31432.98131405206,250691.27775095298,7.975421588116489
H:\\My Drive\\CAD Repository\\Keyway_Shaft\\STEP,0749d792-5b5a-410e-a46b-883e0dd908c7,914.4,17.131510412630078,17.4625,54315.03823924817,209104.21489172685,3.849840148701721
H:\\My Drive\\CAD Repository\\Keyway_Shaft\\STEP,499fe94c-1a04-4486-ad84-41a88346b9f7,304.79999999999995,43.933736000744034,44.449999999999996,48145.36370574364,459656.7760054516,9.547269781048835
H:\\My Drive\\CAD Repository\\Keyway_Shaft\\STEP,b963119e-9e79-4e6a-af5a-08e177db0351,228.6,48.3790293718467,49.2125,41481.75658184426,417193.0515661128,10.0572657944941
H:\\My Drive\\CAD Repository\\Keyway_Shaft\\STEP,7cdf2c98-1088-40f5-a2de-ee00654bcb52,457.2,35.880360128244774,36.512499999999996,58177.44261311791,458888.72520305787,7.8877431628386345
H:\\My Drive\\CAD Repository\\Keyway_Shaft\\STEP,ba64f9e6-c0b5-438c-8ccb-4834ba87b8a2,914.4,35.880360128244774,36.512499999999996,114347.49797687861,917777.4504061157,8.02621366137537
H:\\My Drive\\CAD Repository\\Keyway_Shaft\\STEP,05ab3b47-dc76-4519-ab47-fadbaa4c539d,609.5999999999999,29.82450189917408,30.162499999999998,62584.520485927176,423725.43751149846,6.770451131071265
H:\\My Drive\\CAD Repository\\Keyway_Shaft\\STEP,acaf8310-a7f9-4912-a674-00692d2c8eee,1828.8,48.3790293718467,49.2125,306304.1719814139,3337544.4125289023,10.896176800136498
H:\\My Drive\\CAD Repository\\Keyway_Shaft\\STEP,04f40ad4-d52a-445c-b84c-e5bd7db08934,228.6,20.358981571034608,20.6375,16419.870643767797,73976.1348523148,4.505281220372624
H:\\My Drive\\CAD Repository\\Keyway_Shaft\\STEP,a0f1cde8-244f-4217-bd98-7baed078953a,1219.1999999999998,35.880360128244774,36.512499999999996,151794.20155271902,1223703.267208154,8.061594281538841
H:\\My Drive\\CAD Repository\\Keyway_Shaft\\STEP,7fb87f88-8112-4d7b-8f6b-b8c8924aebce,304.79999999999995,7.7546962056235085,7.9375,8297.21024763567,14262.114231711057,1.7189047651016334
H:\\My Drive\\CAD Repository\\Keyway_Shaft\\STEP,52eae645-3d70-465c-8864-ede26c7d2088,914.4,56.435511929970104,57.15,179356.82157027876,2274634.9127629106,12.682176751619247
H:\\My Drive\\CAD Repository\\Keyway_Shaft\\STEP,c05d13ec-a1e9-4596-ab81-56317c864b1c,457.2,17.131510412630078,17.4625,27386.198269768138,104552.10744586342,3.8176933656862992
H:\\My Drive\\CAD Repository\\Keyway_Shaft\\STEP,52633ed0-056b-4a22-9599-bb25ce717025,914.4,49.993444248417106,50.8,159844.25760025735,1782693.5306734436,11.152690484081385
H:\\My Drive\\CAD Repository\\Keyway_Shaft\\STEP,00b4ea82-bdc9-4bd3-8f95-6be6eeff18c8,457.2,29.82450189917408,30.162499999999998,47285.93419442529,317794.0781336239,6.72068943011577
H:\\My Drive\\CAD Repository\\Keyway_Shaft\\STEP,527bf54a-d84c-472d-ad31-8a61c16fc0bd,228.6,54.8270509968738,55.5625,47138.54583384319,536553.0465620693,11.382469210088578
H:\\My Drive\\CAD Repository\\Keyway_Shaft\\STEP,be9f89e5-1f62-4c76-819a-ed0b9bbf9815,609.5999999999999,21.966868000372017,22.224999999999998,45883.27327264595,229828.38800272584,5.008979778688582
